text,label
I need you to advance forward until I tell you to stop.,0
"Robot, go straight ahead in a smooth way please.",0
"Robot, move forward when you're ready.",0
Please go straight ahead for me now.,0
"Hey buddy, move forward towards that direction.",0
"Robot, step forward slowly as far as you can.",0
Could you move forward as far as you can.,0
"Robot, step forward slowly when you're ready.",0
Could you advance forward right away!,0
Kindly go straight ahead for me now.,0
I need you to advance forward right away!,0
Please go straight ahead when you're ready.,0
Kindly walk ahead when you're ready.,0
Could you advance forward as far as you can.,0
Kindly walk ahead in a smooth way please.,0
I need you to move forward as far as you can.,0
I need you to move forward for me now.,0
"Robot, step forward slowly in a smooth way please.",0
Could you walk ahead for me now.,0
Could you go straight ahead until I tell you to stop.,0
Kindly walk ahead towards that direction.,0
"Hey buddy, step forward slowly for me now.",0
"Robot, go straight ahead as far as you can.",0
Could you go straight ahead as far as you can.,0
I need you to walk ahead when you're ready.,0
"Hey buddy, move forward until I tell you to stop.",0
Kindly advance forward until I tell you to stop.,0
"Hey buddy, go straight ahead for me now.",0
Kindly move forward for me now.,0
Could you go straight ahead in a smooth way please.,0
Kindly go straight ahead as far as you can.,0
Please advance forward towards that direction.,0
Could you walk ahead in a smooth way please.,0
"Robot, advance forward right away!",0
Could you step forward slowly when you're ready.,0
Kindly step forward slowly in a smooth way please.,0
Kindly step forward slowly when you're ready.,0
Please move forward until I tell you to stop.,0
I need you to go straight ahead until I tell you to stop.,0
I need you to step forward slowly in a smooth way please.,0
Could you move forward when you're ready.,0
Could you move forward in a smooth way please.,0
Kindly advance forward when you're ready.,0
"Hey buddy, walk ahead as far as you can.",0
"Robot, step forward slowly for me now.",0
Please step forward slowly as far as you can.,0
Please move forward towards that direction.,0
I need you to step forward slowly towards that direction.,0
I need you to go straight ahead as far as you can.,0
"Robot, move forward for me now.",0
I need you to walk ahead right away!,0
"Hey buddy, walk ahead in a smooth way please.",0
Could you move forward until I tell you to stop.,0
Could you go straight ahead towards that direction.,0
"Robot, advance forward towards that direction.",0
I need you to advance forward as far as you can.,0
Kindly move forward when you're ready.,0
"Robot, go straight ahead for me now.",0
"Hey buddy, advance forward until I tell you to stop.",0
"Hey buddy, advance forward towards that direction.",0
"Hey buddy, walk ahead when you're ready.",0
"Robot, walk ahead right away!",0
I need you to move forward until I tell you to stop.,0
"Hey buddy, advance forward as far as you can.",0
Please move forward when you're ready.,0
I need you to walk ahead until I tell you to stop.,0
"Hey buddy, move forward as far as you can.",0
"Hey buddy, move forward in a smooth way please.",0
Please go straight ahead until I tell you to stop.,0
"Robot, step forward slowly until I tell you to stop.",0
I need you to go straight ahead in a smooth way please.,0
"Hey buddy, advance forward right away!",0
"Robot, go straight ahead until I tell you to stop.",0
I need you to step forward slowly as far as you can.,0
Kindly go straight ahead in a smooth way please.,0
"Hey buddy, step forward slowly in a smooth way please.",0
Kindly move forward until I tell you to stop.,0
"Hey buddy, step forward slowly when you're ready.",0
Please advance forward right away!,0
I need you to move forward in a smooth way please.,0
"Hey buddy, move forward right away!",0
"Robot, go straight ahead towards that direction.",0
I need you to walk ahead in a smooth way please.,0
Could you walk ahead until I tell you to stop.,0
I need you to walk ahead for me now.,0
Please walk ahead until I tell you to stop.,0
Please move forward as far as you can.,0
Could you move forward right away!,0
"Robot, walk ahead in a smooth way please.",0
Could you advance forward in a smooth way please.,0
Could you go straight ahead for me now.,0
Please go straight ahead as far as you can.,0
Kindly go straight ahead until I tell you to stop.,0
Kindly walk ahead for me now.,0
I need you to walk ahead as far as you can.,0
Could you walk ahead right away!,0
Kindly advance forward right away!,0
Kindly move forward right away!,0
Please advance forward until I tell you to stop.,0
"Hey buddy, step forward slowly towards that direction.",0
Could you advance forward when you're ready.,0
"Hey buddy, step forward slowly right away!",0
Please advance forward when you're ready.,0
"Robot, move forward as far as you can.",0
Kindly move forward towards that direction.,0
I need you to advance forward when you're ready.,0
Please step forward slowly for me now.,0
Please move forward right away!,0
Please walk ahead right away!,0
Please go straight ahead in a smooth way please.,0
Please advance forward in a smooth way please.,0
"Hey buddy, walk ahead for me now.",0
"Robot, advance forward when you're ready.",0
Could you move forward for me now.,0
Could you advance forward until I tell you to stop.,0
Could you walk ahead towards that direction.,0
"Robot, advance forward in a smooth way please.",0
"Robot, go straight ahead right away!",0
Kindly move forward in a smooth way please.,0
I need you to move forward right away!,0
Kindly step forward slowly as far as you can.,0
Please walk ahead in a smooth way please.,0
Please go straight ahead towards that direction.,0
"Hey buddy, step forward slowly as far as you can.",0
"Robot, walk ahead towards that direction.",0
"Robot, advance forward for me now.",0
Could you step forward slowly until I tell you to stop.,0
I need you to step forward slowly until I tell you to stop.,0
I need you to advance forward for me now.,0
I need you to step forward slowly right away!,0
"Hey buddy, move forward when you're ready.",0
Could you advance forward for me now.,0
Please go straight ahead right away!,0
Kindly walk ahead until I tell you to stop.,0
Kindly go straight ahead when you're ready.,0
"Hey buddy, advance forward for me now.",0
"Hey buddy, advance forward when you're ready.",0
Kindly go straight ahead towards that direction.,0
"Robot, step forward slowly right away!",0
Please walk ahead for me now.,0
I need you to move forward towards that direction.,0
Could you step forward slowly in a smooth way please.,0
"Robot, step forward slowly towards that direction.",0
"Robot, walk ahead when you're ready.",0
Kindly move forward as far as you can.,0
Could you walk ahead when you're ready.,0
I need you to go straight ahead when you're ready.,0
"Hey buddy, go straight ahead until I tell you to stop.",0
Could you move forward towards that direction.,0
"Hey buddy, advance forward in a smooth way please.",0
Could you advance forward towards that direction.,0
"Robot, go straight ahead when you're ready.",0
Please step forward slowly in a smooth way please.,0
I need you to go straight ahead right away!,0
Could you step forward slowly for me now.,0
"Robot, walk ahead as far as you can.",0
Please advance forward as far as you can.,0
I need you to go straight ahead towards that direction.,0
Please step forward slowly until I tell you to stop.,0
I need you to go straight ahead for me now.,0
Could you step forward slowly right away!,0
"Hey buddy, walk ahead right away!",0
Could you go straight ahead right away!,0
"Hey buddy, walk ahead until I tell you to stop.",0
Please move forward for me now.,0
Kindly advance forward in a smooth way please.,0
"Hey buddy, walk ahead towards that direction.",0
I need you to step forward slowly when you're ready.,0
Kindly advance forward as far as you can.,0
Please move forward in a smooth way please.,0
Kindly walk ahead right away!,0
Kindly step forward slowly towards that direction.,0
"Hey buddy, step forward slowly until I tell you to stop.",0
I need you to advance forward towards that direction.,0
Could you go straight ahead when you're ready.,0
Please walk ahead towards that direction.,0
I need you to move forward when you're ready.,0
"Robot, walk ahead until I tell you to stop.",0
Kindly advance forward towards that direction.,0
Please walk ahead when you're ready.,0
Kindly step forward slowly right away!,0
"Robot, move forward right away!",0
Could you step forward slowly towards that direction.,0
I need you to advance forward in a smooth way please.,0
Please step forward slowly towards that direction.,0
"Hey buddy, go straight ahead right away!",0
Please step forward slowly when you're ready.,0
"Robot, advance forward as far as you can.",0
"Hey buddy, go straight ahead when you're ready.",0
Kindly go straight ahead right away!,0
Please advance forward for me now.,0
"Robot, advance forward until I tell you to stop.",0
"Hey buddy, go straight ahead in a smooth way please.",0
Could you step forward slowly as far as you can.,0
I need you to walk ahead towards that direction.,0
"Robot, move forward in a smooth way please.",0
"Robot, walk ahead for me now.",0
Kindly step forward slowly for me now.,0
"Hey buddy, go straight ahead towards that direction.",0
Please walk ahead as far as you can.,0
Please step forward slowly right away!,0
"Hey buddy, move forward for me now.",0
I need you to step forward slowly for me now.,0
"Robot, move forward towards that direction.",0
Kindly step forward slowly until I tell you to stop.,0
"Hey buddy, go straight ahead as far as you can.",0
"Robot, move forward until I tell you to stop.",0
Could you walk ahead as far as you can.,0
Kindly walk ahead as far as you can.,0
Kindly advance forward for me now.,0
لو سمحت تحرك لقدام لبعيد.,0
اسمع تحرك للأمام هلق.,0
يلا تحرك لقدام على مهلك.,0
ارجوك تحرك للأمام شوي شوي.,0
يا روبوت امشِ لقدام على مهلك.,0
ارجوك تحرك للأمام على مهلك.,0
لو سمحت تقدم شوي هلق.,0
يا روبوت تحرك لقدام على مهلك.,0
يلا تحرك للأمام لبعيد.,0
يلا تحرك لقدام متل ما قلتلك.,0
يا روبوت امشِ لقدام بسرعة.,0
يا روبوت تحرك للأمام بسرعة.,0
لو سمحت تحرك لقدام شوي شوي.,0
ارجوك تقدم شوي لبعيد.,0
يلا تحرك للأمام على مهلك.,0
اسمع تحرك لقدام لبعيد.,0
ارجوك تقدم شوي متل ما قلتلك.,0
يلا تقدم شوي لبعيد.,0
يلا تحرك للأمام بسرعة.,0
ارجوك تحرك للأمام لبعيد.,0
ارجوك امشِ لقدام لبعيد.,0
لو سمحت تحرك للأمام بسرعة.,0
لو سمحت تقدم شوي بسرعة.,0
يا روبوت امشِ لقدام شوي شوي.,0
ارجوك تحرك لقدام بسرعة.,0
يلا تقدم شوي هلق.,0
اسمع تحرك للأمام بسرعة.,0
ارجوك تقدم شوي هلق.,0
لو سمحت امشِ لقدام لبعيد.,0
لو سمحت تحرك للأمام شوي شوي.,0
ارجوك امشِ لقدام على مهلك.,0
اسمع امشِ لقدام لبعيد.,0
يلا تحرك للأمام هلق.,0
ارجوك تقدم شوي شوي شوي.,0
لو سمحت تقدم شوي لبعيد.,0
يا روبوت تحرك لقدام شوي شوي.,0
يلا امشِ لقدام متل ما قلتلك.,0
يلا تحرك لقدام بسرعة.,0
ارجوك امشِ لقدام متل ما قلتلك.,0
يلا امشِ لقدام شوي شوي.,0
ارجوك امشِ لقدام شوي شوي.,0
ارجوك تحرك للأمام هلق.,0
يا روبوت امشِ لقدام لبعيد.,0
ارجوك تحرك لقدام متل ما قلتلك.,0
يلا امشِ لقدام بسرعة.,0
لو سمحت تحرك للأمام لبعيد.,0
لو سمحت تحرك للأمام على مهلك.,0
لو سمحت تقدم شوي متل ما قلتلك.,0
اسمع تقدم شوي شوي شوي.,0
يا روبوت امشِ لقدام هلق.,0
يا روبوت تحرك للأمام شوي شوي.,0
لو سمحت تحرك للأمام هلق.,0
يلا تقدم شوي بسرعة.,0
يلا تحرك لقدام هلق.,0
اسمع تحرك للأمام متل ما قلتلك.,0
يا روبوت تحرك للأمام على مهلك.,0
يا روبوت تحرك لقدام لبعيد.,0
يلا تحرك لقدام لبعيد.,0
لو سمحت تقدم شوي شوي شوي.,0
يا روبوت تقدم شوي بسرعة.,0
اسمع تحرك لقدام بسرعة.,0
اسمع امشِ لقدام بسرعة.,0
اسمع امشِ لقدام شوي شوي.,0
لو سمحت تحرك لقدام على مهلك.,0
يلا امشِ لقدام على مهلك.,0
يلا تقدم شوي متل ما قلتلك.,0
يلا امشِ لقدام هلق.,0
ارجوك امشِ لقدام بسرعة.,0
اسمع تقدم شوي هلق.,0
يا روبوت تقدم شوي لبعيد.,0
اسمع امشِ لقدام على مهلك.,0
يا روبوت تقدم شوي شوي شوي.,0
ارجوك تحرك للأمام متل ما قلتلك.,0
يلا امشِ لقدام لبعيد.,0
يا روبوت تقدم شوي متل ما قلتلك.,0
يلا تحرك لقدام شوي شوي.,0
ارجوك تقدم شوي على مهلك.,0
يا روبوت تحرك للأمام لبعيد.,0
ارجوك امشِ لقدام هلق.,0
لو سمحت امشِ لقدام بسرعة.,0
يلا تقدم شوي على مهلك.,0
يا روبوت تحرك للأمام هلق.,0
اسمع تقدم شوي لبعيد.,0
ارجوك تحرك لقدام لبعيد.,0
يا روبوت تحرك للأمام متل ما قلتلك.,0
اسمع تقدم شوي على مهلك.,0
يلا تقدم شوي شوي شوي.,0
اسمع تقدم شوي بسرعة.,0
لو سمحت امشِ لقدام متل ما قلتلك.,0
يلا تحرك للأمام متل ما قلتلك.,0
اسمع تحرك لقدام هلق.,0
ارجوك تحرك لقدام شوي شوي.,0
اسمع تحرك للأمام لبعيد.,0
ارجوك تقدم شوي بسرعة.,0
يا روبوت تحرك لقدام هلق.,0
لو سمحت امشِ لقدام على مهلك.,0
اسمع امشِ لقدام متل ما قلتلك.,0
لو سمحت امشِ لقدام شوي شوي.,0
اسمع تحرك للأمام على مهلك.,0
لو سمحت تحرك لقدام بسرعة.,0
يا روبوت تحرك لقدام بسرعة.,0
ارجوك تحرك لقدام على مهلك.,0
اسمع تقدم شوي متل ما قلتلك.,0
اسمع تحرك لقدام شوي شوي.,0
اسمع امشِ لقدام هلق.,0
لو سمحت تقدم شوي على مهلك.,0
اسمع تحرك لقدام على مهلك.,0
اسمع تحرك للأمام شوي شوي.,0
ارجوك تحرك للأمام بسرعة.,0
لو سمحت تحرك للأمام متل ما قلتلك.,0
لو سمحت تحرك لقدام متل ما قلتلك.,0
يا روبوت تقدم شوي على مهلك.,0
يا روبوت امشِ لقدام متل ما قلتلك.,0
لو سمحت امشِ لقدام هلق.,0
يلا تحرك للأمام شوي شوي.,0
يا روبوت تقدم شوي هلق.,0
يا روبوت تحرك لقدام متل ما قلتلك.,0
اسمع تحرك لقدام متل ما قلتلك.,0
ارجوك تحرك لقدام هلق.,0
لو سمحت تحرك لقدام هلق.,0
Please step back carefully.,1
Kindly shift backward as requested.,1
Kindly back up slowly as requested.,1
"Robot, shift backward right now.",1
Could you move backward until you clear the space.,1
I need you to back up slowly until you clear the space.,1
I need you to move backward until you clear the space.,1
I need you to walk in reverse carefully.,1
"Robot, walk in reverse as requested.",1
Kindly back up slowly until you clear the space.,1
"Robot, move backward until you clear the space.",1
Could you walk in reverse if possible.,1
Kindly move backward as requested.,1
Could you step back right now.,1
Please step back as requested.,1
Kindly move backward carefully.,1
Kindly back up slowly if possible.,1
"Robot, back up slowly right now.",1
Could you step back carefully.,1
"Robot, step back carefully.",1
Kindly walk in reverse if possible.,1
Please move backward until you clear the space.,1
Please walk in reverse until you clear the space.,1
Could you move backward as requested.,1
I need you to move backward carefully.,1
Could you move backward if possible.,1
"Robot, shift backward carefully.",1
Could you walk in reverse right now.,1
"Robot, step back right now.",1
Kindly back up slowly right now.,1
Kindly shift backward right now.,1
"Robot, back up slowly if possible.",1
Kindly shift backward carefully.,1
Please walk in reverse as requested.,1
"Robot, step back until you clear the space.",1
Kindly walk in reverse as requested.,1
Please shift backward if possible.,1
Please back up slowly as requested.,1
I need you to shift backward if possible.,1
I need you to shift backward as requested.,1
Could you shift backward if possible.,1
"Robot, shift backward until you clear the space.",1
Could you walk in reverse carefully.,1
Could you step back until you clear the space.,1
Could you step back if possible.,1
Kindly back up slowly carefully.,1
Could you step back as requested.,1
Please move backward if possible.,1
Could you shift backward carefully.,1
Please walk in reverse if possible.,1
Please move backward carefully.,1
I need you to move backward if possible.,1
Please back up slowly if possible.,1
I need you to shift backward until you clear the space.,1
"Robot, move backward as requested.",1
I need you to step back until you clear the space.,1
Could you shift backward until you clear the space.,1
Kindly step back as requested.,1
"Robot, back up slowly carefully.",1
Kindly move backward until you clear the space.,1
Kindly walk in reverse until you clear the space.,1
I need you to back up slowly if possible.,1
Could you shift backward as requested.,1
Please shift backward as requested.,1
Please walk in reverse carefully.,1
"Robot, shift backward as requested.",1
I need you to step back if possible.,1
Please walk in reverse right now.,1
"Robot, shift backward if possible.",1
I need you to walk in reverse right now.,1
Kindly step back if possible.,1
Could you back up slowly carefully.,1
I need you to move backward as requested.,1
Kindly shift backward until you clear the space.,1
"Robot, step back as requested.",1
Kindly step back right now.,1
I need you to walk in reverse until you clear the space.,1
"Robot, move backward right now.",1
Please back up slowly until you clear the space.,1
I need you to shift backward carefully.,1
I need you to back up slowly right now.,1
Please move backward as requested.,1
Please shift backward until you clear the space.,1
"Robot, walk in reverse until you clear the space.",1
I need you to step back as requested.,1
"Robot, back up slowly until you clear the space.",1
Could you walk in reverse until you clear the space.,1
Kindly shift backward if possible.,1
I need you to move backward right now.,1
Kindly step back carefully.,1
Please shift backward right now.,1
"Robot, move backward carefully.",1
Please move backward right now.,1
Could you back up slowly until you clear the space.,1
Could you back up slowly right now.,1
Kindly step back until you clear the space.,1
I need you to step back right now.,1
I need you to shift backward right now.,1
Please back up slowly right now.,1
I need you to step back carefully.,1
Please shift backward carefully.,1
"Robot, walk in reverse right now.",1
Kindly move backward if possible.,1
Could you walk in reverse as requested.,1
"Robot, back up slowly as requested.",1
Could you move backward right now.,1
Kindly walk in reverse right now.,1
"Robot, step back if possible.",1
"Robot, walk in reverse if possible.",1
Please step back until you clear the space.,1
Please step back if possible.,1
"Robot, walk in reverse carefully.",1
Please back up slowly carefully.,1
I need you to walk in reverse as requested.,1
I need you to back up slowly as requested.,1
Could you shift backward right now.,1
Could you back up slowly as requested.,1
Kindly walk in reverse carefully.,1
Could you move backward carefully.,1
I need you to walk in reverse if possible.,1
Kindly move backward right now.,1
Please step back right now.,1
"Robot, move backward if possible.",1
Could you back up slowly if possible.,1
I need you to back up slowly carefully.,1
رجاءً خطوة لورا بهدوء.,1
يا روبوت تحرك لورا متل ما بدّي.,1
يلا ارجع للخلف بهدوء.,1
رجاءً خطوة لورا لبرا.,1
يا روبوت ارجع للخلف هلق.,1
رجاءً خطوة لورا بسرعة.,1
لو سمحت ارجع شوي لورا هلق.,1
رجاءً ارجع للخلف متل ما بدّي.,1
يا روبوت ارجع للخلف بسرعة.,1
يلا تحرك لورا لبرا.,1
يا روبوت خطوة لورا بهدوء.,1
رجاءً خطوة لورا متل ما بدّي.,1
لو سمحت تحرك لورا بسرعة.,1
يلا تحرك لورا بهدوء.,1
يا روبوت ارجع للخلف لبرا.,1
لو سمحت خطوة لورا هلق.,1
رجاءً خطوة لورا هلق.,1
رجاءً ارجع شوي لورا بسرعة.,1
لو سمحت تحرك لورا بهدوء.,1
يا روبوت خطوة لورا لبرا.,1
لو سمحت تحرك لورا متل ما بدّي.,1
لو سمحت ارجع للخلف متل ما بدّي.,1
يلا خطوة لورا بسرعة.,1
يلا ارجع شوي لورا هلق.,1
لو سمحت ارجع شوي لورا بسرعة.,1
رجاءً ارجع للخلف لبرا.,1
يا روبوت خطوة لورا متل ما بدّي.,1
رجاءً ارجع للخلف هلق.,1
لو سمحت ارجع للخلف بهدوء.,1
لو سمحت خطوة لورا بسرعة.,1
لو سمحت ارجع للخلف لبرا.,1
يلا خطوة لورا بهدوء.,1
يا روبوت خطوة لورا هلق.,1
يلا ارجع للخلف متل ما بدّي.,1
يلا خطوة لورا متل ما بدّي.,1
رجاءً ارجع شوي لورا هلق.,1
رجاءً ارجع شوي لورا متل ما بدّي.,1
يا روبوت ارجع شوي لورا متل ما بدّي.,1
رجاءً ارجع شوي لورا بهدوء.,1
يلا تحرك لورا هلق.,1
يا روبوت خطوة لورا بسرعة.,1
لو سمحت خطوة لورا متل ما بدّي.,1
رجاءً ارجع للخلف بسرعة.,1
لو سمحت ارجع شوي لورا لبرا.,1
يلا ارجع للخلف هلق.,1
يلا ارجع شوي لورا بهدوء.,1
يلا خطوة لورا هلق.,1
يا روبوت ارجع شوي لورا بسرعة.,1
رجاءً تحرك لورا متل ما بدّي.,1
يلا ارجع للخلف لبرا.,1
يلا ارجع شوي لورا لبرا.,1
رجاءً تحرك لورا بسرعة.,1
يا روبوت ارجع شوي لورا هلق.,1
يا روبوت تحرك لورا بسرعة.,1
لو سمحت تحرك لورا هلق.,1
يلا ارجع شوي لورا متل ما بدّي.,1
يا روبوت ارجع للخلف متل ما بدّي.,1
يا روبوت ارجع للخلف بهدوء.,1
يلا خطوة لورا لبرا.,1
لو سمحت تحرك لورا لبرا.,1
يلا تحرك لورا بسرعة.,1
رجاءً ارجع شوي لورا لبرا.,1
لو سمحت خطوة لورا بهدوء.,1
رجاءً تحرك لورا لبرا.,1
يلا تحرك لورا متل ما بدّي.,1
لو سمحت ارجع للخلف هلق.,1
يلا ارجع شوي لورا بسرعة.,1
رجاءً تحرك لورا هلق.,1
رجاءً ارجع للخلف بهدوء.,1
يا روبوت ارجع شوي لورا لبرا.,1
لو سمحت خطوة لورا لبرا.,1
لو سمحت ارجع للخلف بسرعة.,1
يا روبوت ارجع شوي لورا بهدوء.,1
يا روبوت تحرك لورا هلق.,1
يا روبوت تحرك لورا لبرا.,1
يلا ارجع للخلف بسرعة.,1
يا روبوت تحرك لورا بهدوء.,1
لو سمحت ارجع شوي لورا متل ما بدّي.,1
رجاءً تحرك لورا بهدوء.,1
لو سمحت ارجع شوي لورا بهدوء.,1
Kindly look left as instructed.,2
Please turn left when ready.,2
Kindly rotate slightly left when ready.,2
Kindly shift to your left gently.,2
Please angle left immediately.,2
Could you angle left gently.,2
Please rotate slightly left gently.,2
"Robot, rotate slightly left when ready.",2
"Robot, shift to your left when ready.",2
Could you turn left when ready.,2
Kindly angle left gently.,2
Please angle left gently.,2
Please shift to your left gently.,2
I want you to angle left a little bit.,2
Please shift to your left a little bit.,2
"Robot, rotate slightly left immediately.",2
"Robot, rotate slightly left a little bit.",2
I want you to look left a little bit.,2
Kindly shift to your left immediately.,2
Kindly shift to your left when ready.,2
Could you turn left a little bit.,2
"Robot, shift to your left immediately.",2
I want you to shift to your left immediately.,2
"Robot, angle left as instructed.",2
Please rotate slightly left immediately.,2
Could you turn left gently.,2
"Robot, angle left when ready.",2
"Robot, look left a little bit.",2
I want you to rotate slightly left as instructed.,2
Could you rotate slightly left when ready.,2
Please turn left as instructed.,2
I want you to rotate slightly left when ready.,2
"Robot, shift to your left as instructed.",2
Could you angle left when ready.,2
Please angle left a little bit.,2
Kindly rotate slightly left gently.,2
"Robot, angle left immediately.",2
Could you rotate slightly left a little bit.,2
Kindly turn left immediately.,2
I want you to rotate slightly left immediately.,2
I want you to look left when ready.,2
"Robot, look left as instructed.",2
Kindly turn left when ready.,2
I want you to look left gently.,2
Could you rotate slightly left immediately.,2
I want you to turn left as instructed.,2
"Robot, turn left immediately.",2
I want you to turn left gently.,2
Please shift to your left as instructed.,2
Kindly shift to your left as instructed.,2
I want you to shift to your left as instructed.,2
Could you angle left immediately.,2
I want you to rotate slightly left a little bit.,2
Please turn left a little bit.,2
Please look left gently.,2
Kindly turn left as instructed.,2
Kindly turn left a little bit.,2
"Robot, turn left gently.",2
"Robot, shift to your left a little bit.",2
Please shift to your left immediately.,2
Please rotate slightly left a little bit.,2
Could you look left when ready.,2
I want you to rotate slightly left gently.,2
Kindly angle left a little bit.,2
I want you to turn left a little bit.,2
Please turn left immediately.,2
Could you look left a little bit.,2
I want you to shift to your left a little bit.,2
I want you to look left as instructed.,2
Could you look left as instructed.,2
Kindly look left immediately.,2
I want you to shift to your left when ready.,2
"Robot, look left immediately.",2
I want you to angle left gently.,2
I want you to angle left as instructed.,2
Could you rotate slightly left as instructed.,2
Please look left when ready.,2
"Robot, angle left gently.",2
Could you shift to your left as instructed.,2
Could you look left gently.,2
"Robot, rotate slightly left gently.",2
Could you angle left as instructed.,2
I want you to angle left immediately.,2
"Robot, look left gently.",2
Kindly angle left when ready.,2
Could you turn left as instructed.,2
Could you look left immediately.,2
I want you to look left immediately.,2
Could you shift to your left a little bit.,2
Please angle left as instructed.,2
I want you to turn left immediately.,2
"Robot, shift to your left gently.",2
Please rotate slightly left as instructed.,2
Kindly shift to your left a little bit.,2
Kindly rotate slightly left as instructed.,2
I want you to turn left when ready.,2
Please rotate slightly left when ready.,2
Kindly rotate slightly left a little bit.,2
I want you to shift to your left gently.,2
Please angle left when ready.,2
Could you rotate slightly left gently.,2
"Robot, turn left when ready.",2
"Robot, look left when ready.",2
Could you angle left a little bit.,2
"Robot, rotate slightly left as instructed.",2
I want you to angle left when ready.,2
"Robot, angle left a little bit.",2
Could you shift to your left immediately.,2
Kindly angle left as instructed.,2
Kindly turn left gently.,2
Please shift to your left when ready.,2
Could you shift to your left gently.,2
Please turn left gently.,2
"Robot, turn left as instructed.",2
Kindly look left a little bit.,2
"Robot, turn left a little bit.",2
Please look left a little bit.,2
Please look left immediately.,2
Kindly angle left immediately.,2
Could you shift to your left when ready.,2
Kindly look left when ready.,2
Kindly look left gently.,2
Kindly rotate slightly left immediately.,2
Please look left as instructed.,2
Could you turn left immediately.,2
يلا انعطف شمال على مهلك.,2
ارجوك لف شمال شوي.,2
ارجوك ميل شمال شوي.,2
ارجوك اتجه شمال على مهلك.,2
يا روبوت لف شمال كتير.,2
ارجوك انعطف شمال شوي.,2
يلا لف شمال كتير.,2
يلا انعطف شمال هلق.,2
لو سمحت ميل شمال كتير.,2
ارجوك لف شمال على مهلك.,2
يلا انعطف شمال شوي.,2
ارجوك ميل شمال هلق.,2
يا روبوت لف شمال شوي.,2
يا روبوت ميل شمال على مهلك.,2
لو سمحت لف شمال كتير.,2
ارجوك لف شمال هلق.,2
لو سمحت ميل شمال هلق.,2
لو سمحت اتجه شمال شوي.,2
ارجوك انعطف شمال كتير.,2
يلا ميل شمال على مهلك.,2
ارجوك انعطف شمال على مهلك.,2
لو سمحت ميل شمال على مهلك.,2
لو سمحت ميل شمال شوي.,2
لو سمحت انعطف شمال على مهلك.,2
يلا اتجه شمال كتير.,2
ارجوك ميل شمال على مهلك.,2
يا روبوت انعطف شمال كتير.,2
لو سمحت لف شمال شوي.,2
يا روبوت ميل شمال كتير.,2
ارجوك اتجه شمال كتير.,2
يلا لف شمال هلق.,2
يا روبوت لف شمال على مهلك.,2
يلا اتجه شمال على مهلك.,2
يا روبوت انعطف شمال هلق.,2
يا روبوت انعطف شمال شوي.,2
يا روبوت اتجه شمال كتير.,2
لو سمحت لف شمال هلق.,2
لو سمحت اتجه شمال على مهلك.,2
يلا اتجه شمال هلق.,2
لو سمحت اتجه شمال كتير.,2
يلا ميل شمال هلق.,2
يلا لف شمال على مهلك.,2
يا روبوت ميل شمال هلق.,2
يلا ميل شمال كتير.,2
لو سمحت لف شمال على مهلك.,2
لو سمحت انعطف شمال شوي.,2
يلا ميل شمال شوي.,2
ارجوك لف شمال كتير.,2
يا روبوت اتجه شمال هلق.,2
لو سمحت انعطف شمال هلق.,2
يا روبوت ميل شمال شوي.,2
يلا انعطف شمال كتير.,2
ارجوك اتجه شمال هلق.,2
لو سمحت اتجه شمال هلق.,2
يا روبوت اتجه شمال شوي.,2
يا روبوت لف شمال هلق.,2
لو سمحت انعطف شمال كتير.,2
ارجوك اتجه شمال شوي.,2
ارجوك ميل شمال كتير.,2
يا روبوت اتجه شمال على مهلك.,2
ارجوك انعطف شمال هلق.,2
يلا لف شمال شوي.,2
يلا اتجه شمال شوي.,2
يا روبوت انعطف شمال على مهلك.,2
Kindly shift to your right as instructed.,3
"Robot, angle right when possible.",3
Could you shift to your right when possible.,3
Kindly angle right as instructed.,3
Kindly rotate slightly right when possible.,3
Could you angle right as instructed.,3
I want you to shift to your right a little bit.,3
Kindly turn right right away.,3
Kindly turn right when possible.,3
Kindly angle right when possible.,3
"Robot, look right gently.",3
Could you turn right when possible.,3
"Robot, look right when possible.",3
I want you to turn right gently.,3
Kindly turn right a little bit.,3
I want you to shift to your right when possible.,3
Please look right a little bit.,3
Could you look right when possible.,3
"Robot, shift to your right as instructed.",3
Could you look right as instructed.,3
Please angle right a little bit.,3
Please turn right right away.,3
Please rotate slightly right right away.,3
"Robot, shift to your right a little bit.",3
"Robot, turn right a little bit.",3
Kindly shift to your right right away.,3
Please angle right right away.,3
Please angle right as instructed.,3
Please look right right away.,3
Could you rotate slightly right when possible.,3
Kindly look right a little bit.,3
Could you angle right gently.,3
"Robot, shift to your right right away.",3
Please turn right gently.,3
Kindly look right gently.,3
Please turn right as instructed.,3
"Robot, turn right as instructed.",3
Kindly rotate slightly right as instructed.,3
"Robot, angle right as instructed.",3
"Robot, rotate slightly right when possible.",3
Could you rotate slightly right as instructed.,3
Kindly shift to your right gently.,3
Could you angle right a little bit.,3
Kindly rotate slightly right right away.,3
I want you to look right as instructed.,3
Please shift to your right when possible.,3
Kindly look right right away.,3
Could you rotate slightly right a little bit.,3
I want you to turn right when possible.,3
Kindly angle right a little bit.,3
Please shift to your right as instructed.,3
I want you to shift to your right gently.,3
Kindly turn right as instructed.,3
Could you shift to your right right away.,3
Kindly angle right right away.,3
Please angle right gently.,3
I want you to look right right away.,3
Kindly look right as instructed.,3
"Robot, shift to your right when possible.",3
Could you shift to your right a little bit.,3
"Robot, shift to your right gently.",3
Please shift to your right gently.,3
Please turn right a little bit.,3
Please shift to your right right away.,3
Kindly shift to your right a little bit.,3
Please rotate slightly right gently.,3
"Robot, angle right a little bit.",3
"Robot, rotate slightly right a little bit.",3
"Robot, angle right gently.",3
"Robot, look right as instructed.",3
I want you to rotate slightly right as instructed.,3
Could you shift to your right gently.,3
Please look right as instructed.,3
"Robot, rotate slightly right right away.",3
Could you turn right a little bit.,3
Could you shift to your right as instructed.,3
Please look right when possible.,3
I want you to look right when possible.,3
I want you to rotate slightly right gently.,3
Could you look right a little bit.,3
Kindly rotate slightly right gently.,3
I want you to look right a little bit.,3
"Robot, turn right right away.",3
Could you angle right right away.,3
Kindly shift to your right when possible.,3
I want you to angle right gently.,3
Could you rotate slightly right gently.,3
Please turn right when possible.,3
Please rotate slightly right as instructed.,3
"Robot, turn right when possible.",3
Kindly look right when possible.,3
I want you to shift to your right right away.,3
I want you to rotate slightly right a little bit.,3
Could you turn right gently.,3
Could you look right right away.,3
I want you to turn right right away.,3
"Robot, angle right right away.",3
Kindly turn right gently.,3
I want you to shift to your right as instructed.,3
Please rotate slightly right a little bit.,3
I want you to turn right a little bit.,3
Kindly angle right gently.,3
Please look right gently.,3
Could you look right gently.,3
I want you to rotate slightly right right away.,3
Kindly rotate slightly right a little bit.,3
I want you to rotate slightly right when possible.,3
"Robot, turn right gently.",3
Could you angle right when possible.,3
"Robot, look right right away.",3
I want you to angle right a little bit.,3
I want you to angle right right away.,3
I want you to angle right as instructed.,3
Could you turn right as instructed.,3
I want you to turn right as instructed.,3
Please angle right when possible.,3
Could you turn right right away.,3
Please rotate slightly right when possible.,3
I want you to look right gently.,3
Could you rotate slightly right right away.,3
"Robot, rotate slightly right gently.",3
Please shift to your right a little bit.,3
"Robot, rotate slightly right as instructed.",3
I want you to angle right when possible.,3
"Robot, look right a little bit.",3
يلا انعطف يمين على مهلك.,3
يا روبوت لف يمين شوي.,3
ارجوك ميل يمين هلق.,3
يلا اتجه يمين كتير.,3
لو سمحت انعطف يمين كتير.,3
ارجوك اتجه يمين على مهلك.,3
لو سمحت لف يمين هلق.,3
يلا لف يمين كتير.,3
ارجوك لف يمين هلق.,3
ارجوك ميل يمين على مهلك.,3
يا روبوت ميل يمين على مهلك.,3
يلا ميل يمين شوي.,3
لو سمحت اتجه يمين هلق.,3
يا روبوت لف يمين كتير.,3
يا روبوت اتجه يمين على مهلك.,3
يلا ميل يمين على مهلك.,3
لو سمحت لف يمين على مهلك.,3
ارجوك لف يمين كتير.,3
لو سمحت انعطف يمين شوي.,3
ارجوك لف يمين شوي.,3
يلا اتجه يمين شوي.,3
ارجوك انعطف يمين على مهلك.,3
يلا لف يمين على مهلك.,3
يلا ميل يمين كتير.,3
يا روبوت ميل يمين كتير.,3
يلا انعطف يمين هلق.,3
لو سمحت اتجه يمين كتير.,3
ارجوك اتجه يمين شوي.,3
يلا ميل يمين هلق.,3
يلا اتجه يمين هلق.,3
يلا اتجه يمين على مهلك.,3
لو سمحت انعطف يمين على مهلك.,3
يا روبوت ميل يمين هلق.,3
لو سمحت ميل يمين شوي.,3
يا روبوت اتجه يمين كتير.,3
يلا لف يمين هلق.,3
ارجوك اتجه يمين هلق.,3
يلا انعطف يمين شوي.,3
يا روبوت ميل يمين شوي.,3
ارجوك انعطف يمين هلق.,3
ارجوك ميل يمين شوي.,3
لو سمحت ميل يمين على مهلك.,3
يا روبوت لف يمين على مهلك.,3
لو سمحت اتجه يمين شوي.,3
يا روبوت انعطف يمين هلق.,3
يا روبوت انعطف يمين شوي.,3
يا روبوت اتجه يمين هلق.,3
لو سمحت لف يمين كتير.,3
لو سمحت انعطف يمين هلق.,3
لو سمحت ميل يمين هلق.,3
لو سمحت لف يمين شوي.,3
ارجوك انعطف يمين شوي.,3
يا روبوت انعطف يمين على مهلك.,3
ارجوك انعطف يمين كتير.,3
يا روبوت اتجه يمين شوي.,3
يا روبوت انعطف يمين كتير.,3
لو سمحت اتجه يمين على مهلك.,3
لو سمحت ميل يمين كتير.,3
ارجوك اتجه يمين كتير.,3
يلا لف يمين شوي.,3
يلا انعطف يمين كتير.,3
ارجوك لف يمين على مهلك.,3
ارجوك ميل يمين كتير.,3
يا روبوت لف يمين هلق.,3
"Robot, lower yourself to sit slowly.",4
Please move into a sitting posture in a relaxed manner.,4
"Robot, move into a sitting posture carefully.",4
I need you to move into a sitting posture right now.,4
Please move into a sitting posture right now.,4
I need you to take a seated position slowly.,4
Please take a seated position in a relaxed manner.,4
Kindly move into a sitting posture in a relaxed manner.,4
Please lower yourself to sit right now.,4
Could you take a seated position carefully.,4
I need you to lower yourself to sit slowly.,4
Please sit down carefully.,4
"Robot, lower yourself to sit as instructed.",4
Please lower yourself to sit as instructed.,4
I need you to sit down carefully.,4
Please lower yourself to sit slowly.,4
Kindly lower yourself to sit slowly.,4
I need you to lower yourself to sit in a relaxed manner.,4
Please move into a sitting posture carefully.,4
Could you take a seated position right now.,4
"Robot, sit down slowly.",4
I need you to sit down as instructed.,4
Could you move into a sitting posture in a relaxed manner.,4
Kindly sit down as instructed.,4
Could you sit down right now.,4
Please take a seated position carefully.,4
I need you to take a seated position carefully.,4
Please sit down as instructed.,4
I need you to sit down in a relaxed manner.,4
Could you take a seated position slowly.,4
Could you sit down slowly.,4
I need you to move into a sitting posture slowly.,4
Could you sit down carefully.,4
Kindly lower yourself to sit in a relaxed manner.,4
Could you sit down as instructed.,4
Could you take a seated position as instructed.,4
Kindly move into a sitting posture carefully.,4
"Robot, take a seated position as instructed.",4
Kindly take a seated position slowly.,4
Please sit down right now.,4
"Robot, move into a sitting posture in a relaxed manner.",4
Could you sit down in a relaxed manner.,4
"Robot, sit down as instructed.",4
I need you to sit down slowly.,4
Kindly lower yourself to sit as instructed.,4
I need you to move into a sitting posture as instructed.,4
Kindly take a seated position as instructed.,4
I need you to lower yourself to sit right now.,4
Please lower yourself to sit in a relaxed manner.,4
I need you to take a seated position in a relaxed manner.,4
"Robot, lower yourself to sit right now.",4
Kindly lower yourself to sit right now.,4
Could you take a seated position in a relaxed manner.,4
Please take a seated position as instructed.,4
Kindly take a seated position right now.,4
"Robot, take a seated position carefully.",4
"Robot, move into a sitting posture as instructed.",4
"Robot, take a seated position right now.",4
Could you lower yourself to sit as instructed.,4
Kindly move into a sitting posture right now.,4
Please sit down in a relaxed manner.,4
"Robot, lower yourself to sit carefully.",4
Kindly take a seated position in a relaxed manner.,4
Kindly move into a sitting posture as instructed.,4
"Robot, sit down in a relaxed manner.",4
"Robot, take a seated position slowly.",4
I need you to move into a sitting posture carefully.,4
Kindly sit down slowly.,4
Kindly take a seated position carefully.,4
Could you lower yourself to sit in a relaxed manner.,4
Please move into a sitting posture slowly.,4
Could you move into a sitting posture slowly.,4
I need you to lower yourself to sit as instructed.,4
"Robot, sit down right now.",4
I need you to take a seated position right now.,4
I need you to take a seated position as instructed.,4
I need you to sit down right now.,4
Could you lower yourself to sit carefully.,4
Could you move into a sitting posture carefully.,4
"Robot, move into a sitting posture slowly.",4
Could you lower yourself to sit slowly.,4
Please lower yourself to sit carefully.,4
"Robot, lower yourself to sit in a relaxed manner.",4
Please move into a sitting posture as instructed.,4
Kindly lower yourself to sit carefully.,4
I need you to lower yourself to sit carefully.,4
"Robot, sit down carefully.",4
"Robot, take a seated position in a relaxed manner.",4
Kindly sit down right now.,4
Kindly sit down in a relaxed manner.,4
Please sit down slowly.,4
Please take a seated position right now.,4
Kindly sit down carefully.,4
Please take a seated position slowly.,4
"Robot, move into a sitting posture right now.",4
Could you move into a sitting posture as instructed.,4
Kindly move into a sitting posture slowly.,4
Could you lower yourself to sit right now.,4
I need you to move into a sitting posture in a relaxed manner.,4
Could you move into a sitting posture right now.,4
يلا يا روبوت اقعد شوي شوي شوي.,4
يلا يا روبوت اقعد هلق.,4
اجلس اقعد شوي شوي شوي.,4
ارجوك اجلس شوي شوي.,4
اجلس انزل لتحت شوي شوي.,4
يلا يا روبوت اجلس هلق.,4
يلا يا روبوت اجلس على مهلك.,4
ارجوك اجلس على مهلك.,4
ارجوك انزل لتحت هلق.,4
اجلس اقعد شوي هلق.,4
لو سمحت اقعد شوي شوي شوي.,4
يلا يا روبوت اقعد شوي شوي.,4
يلا يا روبوت اقعد شوي على مهلك.,4
ارجوك انزل لتحت على مهلك.,4
ارجوك اقعد على مهلك.,4
ارجوك انزل لتحت شوي شوي.,4
لو سمحت اقعد هلق.,4
يلا يا روبوت انزل لتحت شوي شوي.,4
اجلس اقعد شوي متل ما قلتلك.,4
ارجوك اجلس هلق.,4
يلا يا روبوت اقعد شوي متل ما قلتلك.,4
لو سمحت اقعد على مهلك.,4
لو سمحت اقعد شوي على مهلك.,4
اجلس انزل لتحت على مهلك.,4
لو سمحت انزل لتحت متل ما قلتلك.,4
يلا يا روبوت انزل لتحت متل ما قلتلك.,4
لو سمحت اقعد شوي شوي.,4
لو سمحت اجلس شوي شوي.,4
اجلس اقعد شوي شوي.,4
ارجوك اقعد شوي شوي.,4
لو سمحت انزل لتحت شوي شوي.,4
ارجوك اقعد شوي شوي شوي.,4
يلا يا روبوت اجلس متل ما قلتلك.,4
لو سمحت اقعد شوي هلق.,4
اجلس انزل لتحت هلق.,4
اجلس اقعد على مهلك.,4
ارجوك اقعد شوي هلق.,4
لو سمحت اجلس متل ما قلتلك.,4
اجلس اجلس هلق.,4
اجلس اقعد متل ما قلتلك.,4
لو سمحت انزل لتحت على مهلك.,4
ارجوك اقعد هلق.,4
لو سمحت انزل لتحت هلق.,4
يلا يا روبوت اقعد شوي هلق.,4
ارجوك اقعد شوي على مهلك.,4
ارجوك انزل لتحت متل ما قلتلك.,4
يلا يا روبوت اجلس شوي شوي.,4
لو سمحت اجلس هلق.,4
اجلس انزل لتحت متل ما قلتلك.,4
يلا يا روبوت انزل لتحت على مهلك.,4
ارجوك اقعد متل ما قلتلك.,4
لو سمحت اقعد شوي متل ما قلتلك.,4
يلا يا روبوت اقعد متل ما قلتلك.,4
ارجوك اقعد شوي متل ما قلتلك.,4
اجلس اجلس شوي شوي.,4
لو سمحت اقعد متل ما قلتلك.,4
اجلس اقعد هلق.,4
اجلس اقعد شوي على مهلك.,4
ارجوك اجلس متل ما قلتلك.,4
لو سمحت اجلس على مهلك.,4
يلا يا روبوت اقعد على مهلك.,4
اجلس اجلس على مهلك.,4
يلا يا روبوت انزل لتحت هلق.,4
اجلس اجلس متل ما قلتلك.,4
"Robot, get up slowly.",5
"Robot, move into a standing posture carefully.",5
Please get up as instructed.,5
Kindly get up slowly.,5
Kindly rise to your feet properly.,5
Kindly move into a standing posture slowly.,5
"Robot, get up properly.",5
Please rise to your feet as instructed.,5
Kindly get up carefully.,5
Could you rise to your feet right now.,5
Please stand up slowly.,5
I need you to move into a standing posture carefully.,5
Kindly rise to your feet right now.,5
I need you to stand up properly.,5
I need you to get up properly.,5
I need you to move into a standing posture as instructed.,5
Could you stand up properly.,5
"Robot, rise to your feet right now.",5
"Robot, rise to your feet slowly.",5
Kindly rise to your feet as instructed.,5
I need you to stand up slowly.,5
Could you move into a standing posture properly.,5
Please move into a standing posture right now.,5
Could you stand up as instructed.,5
Please get up properly.,5
I need you to rise to your feet slowly.,5
I need you to get up carefully.,5
Could you rise to your feet carefully.,5
"Robot, get up as instructed.",5
Could you rise to your feet as instructed.,5
Please move into a standing posture properly.,5
Please rise to your feet slowly.,5
"Robot, stand up carefully.",5
Kindly stand up slowly.,5
Could you stand up right now.,5
I need you to stand up as instructed.,5
Kindly move into a standing posture right now.,5
Could you stand up slowly.,5
Could you move into a standing posture right now.,5
Kindly get up properly.,5
Please rise to your feet right now.,5
Please get up carefully.,5
"Robot, rise to your feet properly.",5
I need you to rise to your feet properly.,5
Could you move into a standing posture carefully.,5
Please stand up carefully.,5
Could you get up properly.,5
"Robot, rise to your feet as instructed.",5
"Robot, stand up properly.",5
I need you to move into a standing posture properly.,5
Could you get up slowly.,5
I need you to move into a standing posture slowly.,5
Kindly stand up as instructed.,5
Please stand up right now.,5
I need you to rise to your feet as instructed.,5
Please move into a standing posture slowly.,5
Could you rise to your feet properly.,5
Kindly move into a standing posture as instructed.,5
Please move into a standing posture as instructed.,5
I need you to rise to your feet carefully.,5
Kindly get up as instructed.,5
Kindly move into a standing posture carefully.,5
Kindly get up right now.,5
"Robot, move into a standing posture right now.",5
I need you to stand up right now.,5
Kindly move into a standing posture properly.,5
Could you get up carefully.,5
Please stand up properly.,5
Could you move into a standing posture slowly.,5
I need you to get up slowly.,5
Could you stand up carefully.,5
Could you get up as instructed.,5
"Robot, stand up slowly.",5
Please get up slowly.,5
Kindly stand up carefully.,5
"Robot, move into a standing posture properly.",5
Kindly rise to your feet carefully.,5
Please get up right now.,5
Could you rise to your feet slowly.,5
Kindly stand up properly.,5
"Robot, get up right now.",5
Please rise to your feet carefully.,5
I need you to get up right now.,5
"Robot, move into a standing posture as instructed.",5
Could you get up right now.,5
"Robot, rise to your feet carefully.",5
I need you to move into a standing posture right now.,5
I need you to stand up carefully.,5
I need you to rise to your feet right now.,5
Please stand up as instructed.,5
Kindly stand up right now.,5
I need you to get up as instructed.,5
"Robot, move into a standing posture slowly.",5
"Robot, stand up as instructed.",5
"Robot, stand up right now.",5
Please rise to your feet properly.,5
"Robot, get up carefully.",5
Kindly rise to your feet slowly.,5
Could you move into a standing posture as instructed.,5
Please move into a standing posture carefully.,5
انهض ارتفع على مهلك.,5
قف انهض لفوق على مهلك.,5
انهض قف على مهلك.,5
قف قف بسرعة.,5
يلا قوم وقف شوي بسرعة.,5
يلا قوم وقف شوي هلق.,5
انهض قف بسرعة.,5
لو سمحت ارتفع بسرعة.,5
يلا قوم انهض لفوق متل ما قلتلك.,5
لو سمحت قف متل ما قلتلك.,5
يلا قوم قف على مهلك.,5
قف قف هلق.,5
يلا قوم وقف شوي على مهلك.,5
لو سمحت وقف شوي بسرعة.,5
انهض قف هلق.,5
يلا قوم ارتفع على مهلك.,5
قف وقف شوي على مهلك.,5
لو سمحت ارتفع على مهلك.,5
قف ارتفع بسرعة.,5
لو سمحت قف هلق.,5
يلا قوم انهض لفوق بسرعة.,5
انهض وقف شوي على مهلك.,5
انهض ارتفع هلق.,5
قف انهض لفوق متل ما قلتلك.,5
يلا قوم وقف شوي متل ما قلتلك.,5
انهض انهض لفوق على مهلك.,5
انهض انهض لفوق هلق.,5
يلا قوم ارتفع متل ما قلتلك.,5
يلا قوم قف بسرعة.,5
لو سمحت انهض لفوق متل ما قلتلك.,5
انهض وقف شوي بسرعة.,5
قف ارتفع هلق.,5
قف قف على مهلك.,5
لو سمحت وقف شوي هلق.,5
يلا قوم ارتفع بسرعة.,5
لو سمحت ارتفع هلق.,5
انهض انهض لفوق بسرعة.,5
يلا قوم قف متل ما قلتلك.,5
يلا قوم قف هلق.,5
قف وقف شوي هلق.,5
يلا قوم انهض لفوق هلق.,5
لو سمحت وقف شوي متل ما قلتلك.,5
لو سمحت قف بسرعة.,5
انهض انهض لفوق متل ما قلتلك.,5
قف انهض لفوق بسرعة.,5
قف وقف شوي بسرعة.,5
انهض ارتفع بسرعة.,5
قف ارتفع متل ما قلتلك.,5
قف وقف شوي متل ما قلتلك.,5
قف قف متل ما قلتلك.,5
انهض وقف شوي متل ما قلتلك.,5
قف ارتفع على مهلك.,5
يلا قوم انهض لفوق على مهلك.,5
لو سمحت قف على مهلك.,5
لو سمحت وقف شوي على مهلك.,5
انهض وقف شوي هلق.,5
انهض قف متل ما قلتلك.,5
لو سمحت انهض لفوق على مهلك.,5
انهض ارتفع متل ما قلتلك.,5
لو سمحت ارتفع متل ما قلتلك.,5
لو سمحت انهض لفوق بسرعة.,5
يلا قوم ارتفع هلق.,5
لو سمحت انهض لفوق هلق.,5
قف انهض لفوق هلق.,5
Kindly rotate 360 degrees right now.,6
I want you to spin fully right now.,6
Please turn around without losing balance.,6
Kindly turn around carefully.,6
Could you turn around smoothly.,6
Kindly turn around as instructed.,6
Could you make a full turn carefully.,6
Please turn around smoothly.,6
"Robot, rotate 360 degrees smoothly.",6
Please spin fully as instructed.,6
Could you make a full turn without losing balance.,6
Could you spin fully right now.,6
Please turn around right now.,6
"Robot, spin fully without losing balance.",6
I want you to make a full turn right now.,6
Kindly turn around smoothly.,6
Please make a full turn without losing balance.,6
"Robot, spin fully carefully.",6
Kindly turn around without losing balance.,6
Please spin fully carefully.,6
Kindly make a full turn without losing balance.,6
"Robot, spin fully as instructed.",6
Please rotate 360 degrees without losing balance.,6
"Robot, spin fully smoothly.",6
Could you turn around without losing balance.,6
Please spin fully right now.,6
"Robot, turn around smoothly.",6
Please rotate 360 degrees smoothly.,6
I want you to spin fully smoothly.,6
Please rotate 360 degrees as instructed.,6
"Robot, turn around as instructed.",6
I want you to turn around without losing balance.,6
Kindly rotate 360 degrees as instructed.,6
Please rotate 360 degrees carefully.,6
Kindly make a full turn smoothly.,6
Could you turn around right now.,6
Could you rotate 360 degrees right now.,6
"Robot, make a full turn right now.",6
Could you make a full turn as instructed.,6
Kindly spin fully as instructed.,6
Please spin fully smoothly.,6
"Robot, make a full turn carefully.",6
Kindly spin fully carefully.,6
Please turn around as instructed.,6
Could you rotate 360 degrees as instructed.,6
I want you to rotate 360 degrees smoothly.,6
"Robot, rotate 360 degrees right now.",6
Please spin fully without losing balance.,6
Could you spin fully smoothly.,6
Could you spin fully without losing balance.,6
I want you to turn around smoothly.,6
Could you turn around as instructed.,6
Please make a full turn right now.,6
Could you rotate 360 degrees carefully.,6
I want you to spin fully as instructed.,6
Kindly rotate 360 degrees without losing balance.,6
I want you to turn around as instructed.,6
Kindly rotate 360 degrees smoothly.,6
Please turn around carefully.,6
I want you to rotate 360 degrees right now.,6
I want you to spin fully without losing balance.,6
Please rotate 360 degrees right now.,6
Could you rotate 360 degrees smoothly.,6
"Robot, turn around carefully.",6
"Robot, make a full turn without losing balance.",6
"Robot, rotate 360 degrees without losing balance.",6
Could you spin fully as instructed.,6
I want you to turn around right now.,6
Could you rotate 360 degrees without losing balance.,6
Kindly make a full turn right now.,6
I want you to spin fully carefully.,6
Kindly make a full turn as instructed.,6
"Robot, make a full turn as instructed.",6
I want you to turn around carefully.,6
"Robot, turn around right now.",6
"Robot, make a full turn smoothly.",6
"Robot, spin fully right now.",6
I want you to rotate 360 degrees carefully.,6
"Robot, rotate 360 degrees carefully.",6
Could you spin fully carefully.,6
Kindly make a full turn carefully.,6
Please make a full turn as instructed.,6
Could you make a full turn smoothly.,6
"Robot, turn around without losing balance.",6
I want you to rotate 360 degrees as instructed.,6
"Robot, rotate 360 degrees as instructed.",6
Kindly spin fully without losing balance.,6
Could you make a full turn right now.,6
I want you to make a full turn without losing balance.,6
Kindly rotate 360 degrees carefully.,6
I want you to make a full turn as instructed.,6
Please make a full turn carefully.,6
Kindly turn around right now.,6
I want you to make a full turn carefully.,6
Kindly spin fully smoothly.,6
Please make a full turn smoothly.,6
Could you turn around carefully.,6
I want you to rotate 360 degrees without losing balance.,6
Kindly spin fully right now.,6
I want you to make a full turn smoothly.,6
يا روبوت لف دورة كاملة هلق.,6
لو سمحت دور حول نفسك هلق.,6
ارجوك استدر شوي شوي.,6
لو سمحت دور حول نفسك بهدوء.,6
يا روبوت استدر بسرعة.,6
ارجوك استدر بسرعة.,6
يا روبوت دور حول نفسك بهدوء.,6
لو سمحت اعمل لفة بسرعة.,6
يا روبوت اعمل لفة شوي شوي.,6
ارجوك لف دورة كاملة هلق.,6
يلا استدر هلق.,6
ارجوك دور حول نفسك بسرعة.,6
يلا دور حول نفسك هلق.,6
ارجوك دور حول نفسك هلق.,6
يا روبوت استدر بهدوء.,6
لو سمحت دور حول نفسك شوي شوي.,6
يلا دور حول نفسك بهدوء.,6
يلا لف دورة كاملة بسرعة.,6
ارجوك لف دورة كاملة شوي شوي.,6
ارجوك لف دورة كاملة بهدوء.,6
ارجوك لف دورة كاملة بسرعة.,6
ارجوك دور حول نفسك بهدوء.,6
لو سمحت استدر هلق.,6
ارجوك اعمل لفة شوي شوي.,6
لو سمحت استدر بهدوء.,6
يا روبوت استدر شوي شوي.,6
يا روبوت لف دورة كاملة بسرعة.,6
ارجوك اعمل لفة بسرعة.,6
يا روبوت اعمل لفة هلق.,6
يلا استدر بسرعة.,6
لو سمحت اعمل لفة بهدوء.,6
لو سمحت اعمل لفة هلق.,6
يا روبوت دور حول نفسك هلق.,6
لو سمحت لف دورة كاملة بسرعة.,6
لو سمحت استدر شوي شوي.,6
ارجوك اعمل لفة هلق.,6
يلا دور حول نفسك شوي شوي.,6
يا روبوت اعمل لفة بسرعة.,6
لو سمحت دور حول نفسك بسرعة.,6
يا روبوت اعمل لفة بهدوء.,6
لو سمحت لف دورة كاملة بهدوء.,6
ارجوك دور حول نفسك شوي شوي.,6
لو سمحت لف دورة كاملة هلق.,6
يلا استدر شوي شوي.,6
يا روبوت استدر هلق.,6
ارجوك استدر هلق.,6
يلا لف دورة كاملة بهدوء.,6
يلا اعمل لفة بسرعة.,6
يا روبوت لف دورة كاملة شوي شوي.,6
يلا لف دورة كاملة هلق.,6
ارجوك استدر بهدوء.,6
يلا اعمل لفة بهدوء.,6
لو سمحت اعمل لفة شوي شوي.,6
لو سمحت استدر بسرعة.,6
يا روبوت دور حول نفسك شوي شوي.,6
يلا اعمل لفة هلق.,6
يلا استدر بهدوء.,6
لو سمحت لف دورة كاملة شوي شوي.,6
يا روبوت دور حول نفسك بسرعة.,6
ارجوك اعمل لفة بهدوء.,6
يا روبوت لف دورة كاملة بهدوء.,6
يلا لف دورة كاملة شوي شوي.,6
يلا دور حول نفسك بسرعة.,6
يلا اعمل لفة شوي شوي.,6
Show me do something impressive now please.,7
Show me show me a stunt right away.,7
Show me do something impressive to impress me.,7
Kindly do a trick for fun.,7
Show me show me a stunt now please.,7
I want you to show me a stunt right away.,7
I want you to do a trick now please.,7
Kindly do something impressive now please.,7
Show me perform something cool for fun.,7
"Robot, do a trick now please.",7
Please do something impressive to impress me.,7
Show me do a trick right away.,7
Kindly do a trick as best as you can.,7
Kindly do something impressive to impress me.,7
I want you to do something impressive now please.,7
Please perform something cool to impress me.,7
"Robot, show me a stunt right away.",7
Please do something impressive right away.,7
Kindly do a trick now please.,7
Show me show me a stunt for fun.,7
Kindly perform something cool right away.,7
"Robot, do a trick right away.",7
Please show me a stunt as best as you can.,7
Show me show me a stunt as best as you can.,7
Show me perform something cool as best as you can.,7
Kindly show me a stunt to impress me.,7
Kindly do something impressive right away.,7
I want you to perform something cool for fun.,7
Show me perform something cool right away.,7
Show me do a trick for fun.,7
I want you to perform something cool right away.,7
I want you to perform something cool now please.,7
Please perform something cool right away.,7
Show me do a trick to impress me.,7
Please do a trick right away.,7
I want you to do something impressive for fun.,7
"Robot, show me a stunt now please.",7
"Robot, do a trick for fun.",7
Please show me a stunt now please.,7
I want you to show me a stunt now please.,7
Please perform something cool as best as you can.,7
Show me perform something cool to impress me.,7
I want you to do a trick as best as you can.,7
"Robot, perform something cool right away.",7
Kindly show me a stunt as best as you can.,7
Please show me a stunt right away.,7
"Robot, perform something cool for fun.",7
Show me perform something cool now please.,7
"Robot, perform something cool as best as you can.",7
Show me do something impressive right away.,7
"Robot, do something impressive right away.",7
"Robot, do a trick as best as you can.",7
Kindly show me a stunt now please.,7
I want you to show me a stunt as best as you can.,7
Please perform something cool for fun.,7
Show me do something impressive as best as you can.,7
"Robot, do a trick to impress me.",7
I want you to do something impressive to impress me.,7
"Robot, do something impressive for fun.",7
I want you to do something impressive right away.,7
I want you to do a trick to impress me.,7
Kindly perform something cool to impress me.,7
"Robot, perform something cool now please.",7
Show me do something impressive for fun.,7
"Robot, do something impressive now please.",7
I want you to do something impressive as best as you can.,7
Show me do a trick now please.,7
Kindly do a trick right away.,7
Show me show me a stunt to impress me.,7
I want you to perform something cool to impress me.,7
Please show me a stunt to impress me.,7
"Robot, show me a stunt for fun.",7
Kindly perform something cool now please.,7
"Robot, do something impressive to impress me.",7
I want you to do a trick for fun.,7
"Robot, perform something cool to impress me.",7
"Robot, do something impressive as best as you can.",7
Please do something impressive as best as you can.,7
"Robot, show me a stunt to impress me.",7
Kindly perform something cool as best as you can.,7
Please show me a stunt for fun.,7
I want you to show me a stunt to impress me.,7
Show me do a trick as best as you can.,7
Kindly show me a stunt right away.,7
Please do a trick now please.,7
Please do something impressive for fun.,7
Please perform something cool now please.,7
Please do a trick to impress me.,7
Please do something impressive now please.,7
Kindly do something impressive as best as you can.,7
Please do a trick as best as you can.,7
Please do a trick for fun.,7
I want you to show me a stunt for fun.,7
Kindly perform something cool for fun.,7
I want you to do a trick right away.,7
Kindly show me a stunt for fun.,7
Kindly do something impressive for fun.,7
"Robot, show me a stunt as best as you can.",7
Kindly do a trick to impress me.,7
I want you to perform something cool as best as you can.,7
يا روبوت اعمل حركة حلوة على مهلك.,7
يا روبوت اعمل حركة حلوة بسرعة.,7
ارجوك اعمل حركة حلوة على مهلك.,7
يلا اعمل شي مميز على مهلك.,7
يلا اعمل حركة حلوة على مهلك.,7
لو سمحت اعمل حركة حلوة بسرعة.,7
ارجوك قم بخدعة بسرعة.,7
ارجوك اعمل حركة حلوة متل ما بدّي.,7
ارجوك فرجيني حركة بسرعة.,7
ارجوك اعمل حركة حلوة هلق.,7
يلا فرجيني حركة متل ما بدّي.,7
يلا اعمل شي مميز بسرعة.,7
لو سمحت قم بخدعة بسرعة.,7
يلا اعمل حركة حلوة متل ما بدّي.,7
يلا اعمل شي مميز متل ما بدّي.,7
ارجوك قم بخدعة على مهلك.,7
يلا فرجيني حركة هلق.,7
لو سمحت اعمل شي مميز بسرعة.,7
ارجوك اعمل شي مميز على مهلك.,7
يلا اعمل حركة حلوة هلق.,7
ارجوك فرجيني حركة على مهلك.,7
يلا اعمل حركة حلوة بسرعة.,7
يا روبوت اعمل حركة حلوة هلق.,7
يلا اعمل شي مميز هلق.,7
يا روبوت قم بخدعة هلق.,7
يا روبوت فرجيني حركة بسرعة.,7
يا روبوت فرجيني حركة هلق.,7
يا روبوت اعمل شي مميز هلق.,7
لو سمحت اعمل حركة حلوة على مهلك.,7
يا روبوت فرجيني حركة متل ما بدّي.,7
يا روبوت قم بخدعة متل ما بدّي.,7
لو سمحت قم بخدعة هلق.,7
ارجوك اعمل حركة حلوة بسرعة.,7
يا روبوت اعمل شي مميز بسرعة.,7
يا روبوت فرجيني حركة على مهلك.,7
ارجوك اعمل شي مميز بسرعة.,7
لو سمحت فرجيني حركة على مهلك.,7
لو سمحت فرجيني حركة بسرعة.,7
يا روبوت اعمل شي مميز على مهلك.,7
لو سمحت قم بخدعة متل ما بدّي.,7
ارجوك فرجيني حركة هلق.,7
لو سمحت اعمل حركة حلوة هلق.,7
يلا فرجيني حركة بسرعة.,7
يلا قم بخدعة بسرعة.,7
لو سمحت اعمل شي مميز هلق.,7
يلا قم بخدعة متل ما بدّي.,7
يلا قم بخدعة على مهلك.,7
لو سمحت فرجيني حركة هلق.,7
لو سمحت فرجيني حركة متل ما بدّي.,7
يا روبوت اعمل شي مميز متل ما بدّي.,7
يا روبوت اعمل حركة حلوة متل ما بدّي.,7
يا روبوت قم بخدعة بسرعة.,7
ارجوك فرجيني حركة متل ما بدّي.,7
لو سمحت اعمل حركة حلوة متل ما بدّي.,7
ارجوك اعمل شي مميز متل ما بدّي.,7
لو سمحت قم بخدعة على مهلك.,7
يلا قم بخدعة هلق.,7
يا روبوت قم بخدعة على مهلك.,7
يلا فرجيني حركة على مهلك.,7
لو سمحت اعمل شي مميز على مهلك.,7
ارجوك قم بخدعة متل ما بدّي.,7
ارجوك اعمل شي مميز هلق.,7
لو سمحت اعمل شي مميز متل ما بدّي.,7
ارجوك قم بخدعة هلق.,7
Honestly this means nothing just chatting.,8
Honestly I'm just talking ignore it.,8
Honestly I'm just talking don’t mind it.,8
Random thought: this means nothing just chatting.,8
You know I'm just talking just chatting.,8
You know there’s no command here move on.,8
Random thought: there’s no command here move on.,8
You know there’s no command here just chatting.,8
I think this means nothing no meaning at all.,8
You know this has no purpose ignore it.,8
Honestly this is random don’t mind it.,8
You know this has no purpose no meaning at all.,8
Honestly I'm just talking move on.,8
I think this is random don’t mind it.,8
Honestly there’s no command here don’t mind it.,8
You know there’s no command here don’t mind it.,8
Honestly this is random no meaning at all.,8
You know this has no purpose move on.,8
Random thought: this means nothing no meaning at all.,8
By the way I'm just talking move on.,8
Random thought: I'm just talking no meaning at all.,8
By the way this is random don’t mind it.,8
By the way I'm just talking just chatting.,8
I think this means nothing don’t mind it.,8
Random thought: this is random no meaning at all.,8
Honestly this is random ignore it.,8
Honestly there’s no command here just chatting.,8
Random thought: there’s no command here don’t mind it.,8
By the way this is random move on.,8
Honestly there’s no command here move on.,8
Random thought: this has no purpose no meaning at all.,8
Random thought: this is random ignore it.,8
You know I'm just talking move on.,8
By the way there’s no command here move on.,8
I think I'm just talking no meaning at all.,8
You know I'm just talking ignore it.,8
I think this means nothing move on.,8
Honestly I'm just talking just chatting.,8
I think this is random just chatting.,8
Random thought: this means nothing ignore it.,8
You know this has no purpose don’t mind it.,8
Random thought: this has no purpose ignore it.,8
I think this means nothing ignore it.,8
By the way this has no purpose no meaning at all.,8
You know this has no purpose just chatting.,8
By the way this means nothing move on.,8
By the way there’s no command here no meaning at all.,8
Random thought: this is random move on.,8
By the way this means nothing don’t mind it.,8
I think I'm just talking move on.,8
I think this is random no meaning at all.,8
Honestly this means nothing don’t mind it.,8
By the way there’s no command here just chatting.,8
Random thought: I'm just talking ignore it.,8
You know this is random ignore it.,8
I think I'm just talking just chatting.,8
You know I'm just talking don’t mind it.,8
I think this is random move on.,8
You know there’s no command here no meaning at all.,8
I think there’s no command here no meaning at all.,8
Random thought: this has no purpose move on.,8
Random thought: this is random don’t mind it.,8
You know this is random don’t mind it.,8
By the way this means nothing ignore it.,8
Honestly I'm just talking no meaning at all.,8
By the way I'm just talking no meaning at all.,8
By the way this is random ignore it.,8
Honestly there’s no command here no meaning at all.,8
I think there’s no command here just chatting.,8
Random thought: there’s no command here ignore it.,8
Random thought: this has no purpose don’t mind it.,8
Honestly this is random just chatting.,8
You know I'm just talking no meaning at all.,8
By the way this means nothing just chatting.,8
You know this means nothing ignore it.,8
By the way there’s no command here don’t mind it.,8
Honestly this means nothing ignore it.,8
You know this means nothing just chatting.,8
Random thought: there’s no command here just chatting.,8
Honestly this has no purpose move on.,8
You know this is random just chatting.,8
By the way this has no purpose ignore it.,8
Honestly this is random move on.,8
You know this means nothing don’t mind it.,8
By the way I'm just talking don’t mind it.,8
By the way this has no purpose move on.,8
I think this has no purpose just chatting.,8
Honestly this has no purpose just chatting.,8
By the way this means nothing no meaning at all.,8
You know this is random no meaning at all.,8
I think this has no purpose don’t mind it.,8
I think this is random ignore it.,8
You know there’s no command here ignore it.,8
Random thought: this means nothing move on.,8
I think there’s no command here don’t mind it.,8
You know this means nothing move on.,8
I think this has no purpose move on.,8
I think this has no purpose ignore it.,8
By the way this is random no meaning at all.,8
Random thought: I'm just talking just chatting.,8
Random thought: this is random just chatting.,8
I think there’s no command here move on.,8
By the way this has no purpose don’t mind it.,8
Honestly this has no purpose no meaning at all.,8
Random thought: there’s no command here no meaning at all.,8
You know this means nothing no meaning at all.,8
Honestly this means nothing move on.,8
I think this has no purpose no meaning at all.,8
I think this means nothing just chatting.,8
Honestly this means nothing no meaning at all.,8
I think I'm just talking don’t mind it.,8
By the way this is random just chatting.,8
Honestly there’s no command here ignore it.,8
Random thought: I'm just talking don’t mind it.,8
Honestly this has no purpose ignore it.,8
Random thought: this has no purpose just chatting.,8
Random thought: I'm just talking move on.,8
Honestly this has no purpose don’t mind it.,8
Random thought: this means nothing don’t mind it.,8
I think there’s no command here ignore it.,8
By the way I'm just talking ignore it.,8
I think I'm just talking ignore it.,8
You know this is random move on.,8
By the way there’s no command here ignore it.,8
By the way this has no purpose just chatting.,8
على كل حال هالكلام عالفاضي طنش.,8
على كل حال ما عم قول شي مهم مش مهم.,8
فكرة عشوائية ما في معنى طنش.,8
فكرة عشوائية لا تاخد هالشي بمحمل الجد طنش.,8
بصراحة لا تاخد هالشي بمحمل الجد مش مهم.,8
فكرة عشوائية هالكلام عالفاضي انساه.,8
سمعني ما عم قول شي مهم مش مهم.,8
فكرة عشوائية ما عم قول شي مهم انساه.,8
بصراحة ما في معنى ولا تهتم.,8
على كل حال ما في معنى طنش.,8
على كل حال ما عم قول شي مهم ولا تهتم.,8
فكرة عشوائية ما في معنى مش مهم.,8
فكرة عشوائية ما في معنى ولا تهتم.,8
سمعني هالكلام عالفاضي طنش.,8
فكرة عشوائية لا تاخد هالشي بمحمل الجد ولا تهتم.,8
سمعني لا تاخد هالشي بمحمل الجد طنش.,8
على كل حال هالكلام عالفاضي ولا تهتم.,8
بصراحة ما عم قول شي مهم ولا تهتم.,8
بصراحة ما في معنى طنش.,8
على كل حال لا تاخد هالشي بمحمل الجد انساه.,8
بصراحة لا تاخد هالشي بمحمل الجد ولا تهتم.,8
فكرة عشوائية ما عم قول شي مهم طنش.,8
سمعني لا تاخد هالشي بمحمل الجد ولا تهتم.,8
على كل حال لا تاخد هالشي بمحمل الجد طنش.,8
سمعني لا تاخد هالشي بمحمل الجد انساه.,8
فكرة عشوائية ما عم قول شي مهم مش مهم.,8
فكرة عشوائية ما في معنى انساه.,8
على كل حال ما عم قول شي مهم انساه.,8
على كل حال هالكلام عالفاضي مش مهم.,8
بصراحة لا تاخد هالشي بمحمل الجد طنش.,8
فكرة عشوائية هالكلام عالفاضي مش مهم.,8
على كل حال ما في معنى ولا تهتم.,8
على كل حال ما في معنى انساه.,8
سمعني ما في معنى انساه.,8
بصراحة هالكلام عالفاضي ولا تهتم.,8
بصراحة هالكلام عالفاضي طنش.,8
بصراحة لا تاخد هالشي بمحمل الجد انساه.,8
سمعني ما في معنى طنش.,8
على كل حال لا تاخد هالشي بمحمل الجد ولا تهتم.,8
فكرة عشوائية لا تاخد هالشي بمحمل الجد مش مهم.,8
بصراحة هالكلام عالفاضي مش مهم.,8
على كل حال ما عم قول شي مهم طنش.,8
سمعني ما في معنى ولا تهتم.,8
فكرة عشوائية لا تاخد هالشي بمحمل الجد انساه.,8
على كل حال لا تاخد هالشي بمحمل الجد مش مهم.,8
بصراحة هالكلام عالفاضي انساه.,8
فكرة عشوائية هالكلام عالفاضي طنش.,8
فكرة عشوائية هالكلام عالفاضي ولا تهتم.,8
بصراحة ما عم قول شي مهم مش مهم.,8
سمعني ما عم قول شي مهم انساه.,8
بصراحة ما في معنى مش مهم.,8
سمعني ما في معنى مش مهم.,8
سمعني ما عم قول شي مهم طنش.,8
على كل حال هالكلام عالفاضي انساه.,8
سمعني هالكلام عالفاضي انساه.,8
سمعني هالكلام عالفاضي ولا تهتم.,8
بصراحة ما في معنى انساه.,8
بصراحة ما عم قول شي مهم انساه.,8
بصراحة ما عم قول شي مهم طنش.,8
فكرة عشوائية ما عم قول شي مهم ولا تهتم.,8
سمعني لا تاخد هالشي بمحمل الجد مش مهم.,8
سمعني ما عم قول شي مهم ولا تهتم.,8
على كل حال ما في معنى مش مهم.,8
سمعني هالكلام عالفاضي مش مهم.,8
